StudentUpdateStep,SGLDIteration,Loss,w0_Bias,grad_w0,w1_Weight,grad_w1
1,1010,4.122451e+00,-1.774526e-02,-2.961832e+00,-3.844630e-01,-4.048288e+00
2,1020,4.044881e+00,-7.745257e-03,-2.925832e+00,-3.744630e-01,-4.012695e+00
3,1030,3.965157e+00,2.251368e-03,-2.886907e+00,-3.644654e-01,-3.976220e+00
4,1040,3.891967e+00,1.224192e-02,-2.850372e+00,-3.544719e-01,-3.942497e+00
5,1050,3.814448e+00,2.222418e-02,-2.811610e+00,-3.444839e-01,-3.906264e+00
6,1060,3.747539e+00,3.219544e-02,-2.778738e+00,-3.345031e-01,-3.874360e+00
7,1070,3.687973e+00,4.215408e-02,-2.749260e+00,-3.245309e-01,-3.845669e+00
8,1080,3.629499e+00,5.209891e-02,-2.720258e+00,-3.145680e-01,-3.817194e+00
9,1090,3.559699e+00,6.202853e-02,-2.685976e+00,-3.046156e-01,-3.782668e+00
10,1100,3.493298e+00,7.194029e-02,-2.654087e+00,-2.946754e-01,-3.749169e+00
11,1110,3.429240e+00,8.183213e-02,-2.624112e+00,-2.847494e-01,-3.716216e+00
12,1120,3.369581e+00,9.170242e-02,-2.595232e+00,-2.748389e-01,-3.685428e+00
13,1130,3.306090e+00,1.015497e-01,-2.565504e+00,-2.649453e-01,-3.651979e+00
14,1140,3.232708e+00,1.113721e-01,-2.530705e+00,-2.550702e-01,-3.612916e+00
15,1150,3.158717e+00,1.211668e-01,-2.495006e+00,-2.452161e-01,-3.573108e+00
16,1160,3.093372e+00,1.309306e-01,-2.462979e+00,-2.353855e-01,-3.537576e+00
17,1170,3.041103e+00,1.406615e-01,-2.435146e+00,-2.255800e-01,-3.509379e+00
18,1180,2.980201e+00,1.503586e-01,-2.402047e+00,-2.157999e-01,-3.476267e+00
19,1190,2.916816e+00,1.600194e-01,-2.368179e+00,-2.060465e-01,-3.441157e+00
20,1200,2.855268e+00,1.696414e-01,-2.335207e+00,-1.963215e-01,-3.406588e+00
21,1210,2.800152e+00,1.792224e-01,-2.306196e+00,-1.866263e-01,-3.375083e+00
22,1220,2.747939e+00,1.887611e-01,-2.278314e+00,-1.769619e-01,-3.344954e+00
23,1230,2.695583e+00,1.982567e-01,-2.249687e+00,-1.673290e-01,-3.314520e+00
24,1240,2.642013e+00,2.077082e-01,-2.219921e+00,-1.577282e-01,-3.283082e+00
25,1250,2.592992e+00,2.171137e-01,-2.192407e+00,-1.481606e-01,-3.254003e+00
26,1260,2.546273e+00,2.264726e-01,-2.165847e+00,-1.386268e-01,-3.226022e+00
27,1270,2.501381e+00,2.357841e-01,-2.139410e+00,-1.291270e-01,-3.199008e+00
28,1280,2.454654e+00,2.450474e-01,-2.112122e+00,-1.196616e-01,-3.170494e+00
29,1290,2.403952e+00,2.542616e-01,-2.082060e+00,-1.102310e-01,-3.139234e+00
30,1300,2.349676e+00,2.634245e-01,-2.049933e+00,-1.008365e-01,-3.105273e+00
31,1310,2.298492e+00,2.725338e-01,-2.018793e+00,-9.147984e-02,-3.072934e+00
32,1320,2.256375e+00,2.815873e-01,-1.993868e+00,-8.216233e-02,-3.045837e+00
33,1330,2.213224e+00,2.905849e-01,-1.967755e+00,-7.288405e-02,-3.017841e+00
34,1340,2.173697e+00,2.995261e-01,-1.942135e+00,-6.364535e-02,-2.992184e+00
35,1350,2.131345e+00,3.084105e-01,-1.915605e+00,-5.444610e-02,-2.964185e+00
36,1360,2.090528e+00,3.172371e-01,-1.890861e+00,-4.528679e-02,-2.936721e+00
37,1370,2.046888e+00,3.260058e-01,-1.863735e+00,-3.616781e-02,-2.907094e+00
38,1380,2.005499e+00,3.347154e-01,-1.838111e+00,-2.709007e-02,-2.878609e+00
39,1390,1.961552e+00,3.433651e-01,-1.811428e+00,-1.805420e-02,-2.847882e+00
40,1400,1.922623e+00,3.519540e-01,-1.786582e+00,-9.061360e-03,-2.820491e+00
41,1410,1.887400e+00,3.604816e-01,-1.764958e+00,-1.118612e-04,-2.795286e+00
42,1420,1.851463e+00,3.689486e-01,-1.743111e+00,8.794488e-03,-2.769248e+00
43,1430,1.818811e+00,3.773555e-01,-1.722717e+00,1.765760e-02,-2.745404e+00
44,1440,1.782734e+00,3.857029e-01,-1.698460e+00,2.647787e-02,-2.718986e+00
45,1450,1.750470e+00,3.939903e-01,-1.676183e+00,3.525496e-02,-2.695151e+00
46,1460,1.719913e+00,4.022174e-01,-1.654195e+00,4.398917e-02,-2.672428e+00
47,1470,1.687609e+00,4.103844e-01,-1.630979e+00,5.268098e-02,-2.648115e+00
48,1480,1.651689e+00,4.184905e-01,-1.606457e+00,6.133040e-02,-2.620585e+00
49,1490,1.616250e+00,4.265347e-01,-1.581733e+00,6.993650e-02,-2.593122e+00
50,1500,1.581221e+00,4.345157e-01,-1.557234e+00,7.849844e-02,-2.565620e+00
51,1510,1.549508e+00,4.424323e-01,-1.533415e+00,8.701538e-02,-2.540558e+00
52,1520,1.516039e+00,4.502839e-01,-1.507953e+00,9.548716e-02,-2.513782e+00
53,1530,1.484936e+00,4.580688e-01,-1.482807e+00,1.039131e-01,-2.488684e+00
54,1540,1.457171e+00,4.657857e-01,-1.459268e+00,1.122931e-01,-2.466067e+00
55,1550,1.426390e+00,4.734340e-01,-1.434501e+00,1.206275e-01,-2.440552e+00
56,1560,1.392932e+00,4.810124e-01,-1.408290e+00,1.289159e-01,-2.412370e+00
57,1570,1.361554e+00,4.885191e-01,-1.382319e+00,1.371571e-01,-2.385635e+00
58,1580,1.328910e+00,4.959525e-01,-1.354774e+00,1.453504e-01,-2.357425e+00
59,1590,1.297181e+00,5.033104e-01,-1.327773e+00,1.534947e-01,-2.329587e+00
60,1600,1.265357e+00,5.105907e-01,-1.300528e+00,1.615889e-01,-2.301230e+00
61,1610,1.234241e+00,5.177915e-01,-1.274035e+00,1.696321e-01,-2.273063e+00
62,1620,1.206070e+00,5.249111e-01,-1.249924e+00,1.776232e-01,-2.247184e+00
63,1630,1.182244e+00,5.319492e-01,-1.228504e+00,1.855620e-01,-2.225018e+00
64,1640,1.158388e+00,5.389063e-01,-1.206358e+00,1.934492e-01,-2.202543e+00
65,1650,1.135380e+00,5.457826e-01,-1.185397e+00,2.012854e-01,-2.180584e+00
66,1660,1.110506e+00,5.525787e-01,-1.165080e+00,2.090711e-01,-2.156545e+00
67,1670,1.085120e+00,5.592953e-01,-1.144078e+00,2.168064e-01,-2.131690e+00
68,1680,1.061826e+00,5.659327e-01,-1.124785e+00,2.244907e-01,-2.108594e+00
69,1690,1.040002e+00,5.724918e-01,-1.105909e+00,2.321243e-01,-2.086679e+00
70,1700,1.019185e+00,5.789734e-01,-1.086940e+00,2.397074e-01,-2.065505e+00
71,1710,9.979229e-01,5.853784e-01,-1.066182e+00,2.472406e-01,-2.043568e+00
72,1720,9.755224e-01,5.917065e-01,-1.043036e+00,2.547242e-01,-2.020091e+00
73,1730,9.526967e-01,5.979560e-01,-1.018616e+00,2.621578e-01,-1.995769e+00
74,1740,9.304568e-01,6.041250e-01,-9.956462e-01,2.695408e-01,-1.971749e+00
75,1750,9.074788e-01,6.102121e-01,-9.707671e-01,2.768726e-01,-1.946480e+00
76,1760,8.859053e-01,6.162151e-01,-9.463881e-01,2.841524e-01,-1.922302e+00
77,1770,8.647143e-01,6.221322e-01,-9.222257e-01,2.913797e-01,-1.898157e+00
78,1780,8.468753e-01,6.279615e-01,-9.000801e-01,2.985538e-01,-1.877362e+00
79,1790,8.305413e-01,6.337025e-01,-8.793572e-01,3.056754e-01,-1.858006e+00
80,1800,8.140756e-01,6.393551e-01,-8.606161e-01,3.127453e-01,-1.838451e+00
81,1810,7.973061e-01,6.449202e-01,-8.402647e-01,3.197642e-01,-1.818133e+00
82,1820,7.797486e-01,6.503977e-01,-8.177651e-01,3.267325e-01,-1.796410e+00
83,1830,7.611906e-01,6.557863e-01,-7.929078e-01,3.336499e-01,-1.772937e+00
84,1840,7.454675e-01,6.610835e-01,-7.698493e-01,3.405157e-01,-1.752441e+00
85,1850,7.310382e-01,6.662879e-01,-7.492572e-01,3.473301e-01,-1.733425e+00
86,1860,7.158192e-01,6.713992e-01,-7.295462e-01,3.540936e-01,-1.713397e+00
87,1870,7.009304e-01,6.764178e-01,-7.115422e-01,3.608066e-01,-1.693753e+00
88,1880,6.865147e-01,6.813445e-01,-6.964955e-01,3.674691e-01,-1.674915e+00
89,1890,6.715592e-01,6.861818e-01,-6.829438e-01,3.740816e-01,-1.655518e+00
90,1900,6.570457e-01,6.909326e-01,-6.695232e-01,3.806444e-01,-1.636440e+00
91,1910,6.432781e-01,6.955995e-01,-6.566896e-01,3.871576e-01,-1.618129e+00
92,1920,6.291359e-01,7.001851e-01,-6.412029e-01,3.936217e-01,-1.598672e+00
93,1930,6.156041e-01,7.046902e-01,-6.257252e-01,4.000365e-01,-1.579705e+00
94,1940,6.027753e-01,7.091156e-01,-6.121762e-01,4.064021e-01,-1.561743e+00
95,1950,5.900205e-01,7.134629e-01,-5.963727e-01,4.127189e-01,-1.543199e+00
96,1960,5.770873e-01,7.177322e-01,-5.803286e-01,4.189869e-01,-1.524158e+00
97,1970,5.643660e-01,7.219234e-01,-5.634943e-01,4.252060e-01,-1.504957e+00
98,1980,5.526137e-01,7.260358e-01,-5.463398e-01,4.313760e-01,-1.486622e+00
99,1990,5.420453e-01,7.300687e-01,-5.296447e-01,4.374968e-01,-1.469618e+00
100,2000,5.326179e-01,7.340215e-01,-5.146742e-01,4.435690e-01,-1.454243e+00
101,2010,5.228044e-01,7.378946e-01,-5.000838e-01,4.495935e-01,-1.438301e+00
102,2020,5.123159e-01,7.416884e-01,-4.845581e-01,4.555708e-01,-1.421075e+00
103,2030,5.010785e-01,7.454027e-01,-4.682489e-01,4.615012e-01,-1.402470e+00
104,2040,4.911407e-01,7.490368e-01,-4.537382e-01,4.673841e-01,-1.385785e+00
105,2050,4.818099e-01,7.525912e-01,-4.381377e-01,4.732196e-01,-1.369373e+00
106,2060,4.731805e-01,7.560652e-01,-4.250942e-01,4.790081e-01,-1.354415e+00
107,2070,4.648775e-01,7.594601e-01,-4.147279e-01,4.847503e-01,-1.340522e+00
108,2080,4.560141e-01,7.627782e-01,-4.030703e-01,4.904471e-01,-1.325369e+00
109,2090,4.477614e-01,7.660209e-01,-3.917930e-01,4.960990e-01,-1.310989e+00
110,2100,4.392886e-01,7.691897e-01,-3.790359e-01,5.017065e-01,-1.295704e+00
111,2110,4.320883e-01,7.722850e-01,-3.665569e-01,5.072699e-01,-1.282053e+00
112,2120,4.252607e-01,7.753071e-01,-3.560840e-01,5.127898e-01,-1.269422e+00
113,2130,4.186839e-01,7.782577e-01,-3.461577e-01,5.182674e-01,-1.257198e+00
114,2140,4.113243e-01,7.811382e-01,-3.327132e-01,5.237036e-01,-1.242596e+00
115,2150,4.043157e-01,7.839482e-01,-3.198357e-01,5.290984e-01,-1.228505e+00
116,2160,3.978461e-01,7.866871e-01,-3.090909e-01,5.344520e-01,-1.215762e+00
117,2170,3.915927e-01,7.893559e-01,-2.996391e-01,5.397649e-01,-1.203665e+00
118,2180,3.852704e-01,7.919562e-01,-2.900916e-01,5.450380e-01,-1.191328e+00
119,2190,3.783401e-01,7.944893e-01,-2.786680e-01,5.502719e-01,-1.177321e+00
120,2200,3.709874e-01,7.969552e-01,-2.672464e-01,5.554664e-01,-1.162562e+00
121,2210,3.646677e-01,7.993538e-01,-2.573956e-01,5.606209e-01,-1.149734e+00
122,2220,3.580784e-01,8.016860e-01,-2.470426e-01,5.657358e-01,-1.136196e+00
123,2230,3.514996e-01,8.039522e-01,-2.364015e-01,5.708111e-01,-1.122422e+00
124,2240,3.438758e-01,8.061524e-01,-2.255664e-01,5.758466e-01,-1.106883e+00
125,2250,3.361896e-01,8.082867e-01,-2.146560e-01,5.808412e-01,-1.091042e+00
126,2260,3.292747e-01,8.103548e-01,-2.047389e-01,5.857943e-01,-1.076589e+00
127,2270,3.220215e-01,8.123572e-01,-1.939854e-01,5.907052e-01,-1.061113e+00
128,2280,3.152025e-01,8.142937e-01,-1.835029e-01,5.955733e-01,-1.046238e+00
129,2290,3.087747e-01,8.161643e-01,-1.743118e-01,6.003981e-01,-1.032360e+00
130,2300,3.020362e-01,8.179697e-01,-1.656886e-01,6.051794e-01,-1.018100e+00
131,2310,2.951957e-01,8.197109e-01,-1.576896e-01,6.099171e-01,-1.003802e+00
132,2320,2.888812e-01,8.213891e-01,-1.493241e-01,6.146108e-01,-9.900231e-01
133,2330,2.830314e-01,8.230052e-01,-1.416270e-01,6.192604e-01,-9.771510e-01
134,2340,2.782959e-01,8.245605e-01,-1.337207e-01,6.238661e-01,-9.658656e-01
135,2350,2.735559e-01,8.260557e-01,-1.248363e-01,6.284289e-01,-9.540128e-01
136,2360,2.685890e-01,8.274911e-01,-1.140246e-01,6.329492e-01,-9.407531e-01
137,2370,2.636635e-01,8.288653e-01,-1.023439e-01,6.374269e-01,-9.269863e-01
138,2380,2.593536e-01,8.301767e-01,-9.283786e-02,6.418616e-01,-9.151500e-01
139,2390,2.553095e-01,8.314249e-01,-8.431434e-02,6.462535e-01,-9.041278e-01
140,2400,2.511968e-01,8.326105e-01,-7.599377e-02,6.506036e-01,-8.929850e-01
141,2410,2.470087e-01,8.337339e-01,-6.843296e-02,6.549122e-01,-8.819932e-01
142,2420,2.430902e-01,8.347962e-01,-6.301412e-02,6.591800e-01,-8.724695e-01
143,2430,2.392140e-01,8.357996e-01,-5.965351e-02,6.634079e-01,-8.640110e-01
144,2440,2.346843e-01,8.367476e-01,-5.555076e-02,6.675974e-01,-8.539565e-01
145,2450,2.300922e-01,8.376428e-01,-5.098759e-02,6.717490e-01,-8.434621e-01
146,2460,2.256879e-01,8.384873e-01,-4.554916e-02,6.758630e-01,-8.327456e-01
147,2470,2.217902e-01,8.392822e-01,-3.941195e-02,6.799394e-01,-8.224729e-01
148,2480,2.177813e-01,8.400281e-01,-3.311450e-02,6.839787e-01,-8.118188e-01
149,2490,2.136267e-01,8.407254e-01,-2.547983e-02,6.879809e-01,-8.000674e-01
150,2500,2.097640e-01,8.413733e-01,-1.781412e-02,6.919454e-01,-7.887164e-01
151,2510,2.062588e-01,8.419713e-01,-1.049753e-02,6.958721e-01,-7.781118e-01
152,2520,2.028920e-01,8.425190e-01,-4.776627e-03,6.997609e-01,-7.685668e-01
153,2530,2.000643e-01,8.430171e-01,8.828016e-04,7.036124e-01,-7.599987e-01
154,2540,1.974379e-01,8.434663e-01,7.864421e-03,7.074274e-01,-7.509856e-01
155,2550,1.947136e-01,8.438663e-01,1.421096e-02,7.112064e-01,-7.420734e-01
156,2560,1.923233e-01,8.442173e-01,1.887751e-02,7.149501e-01,-7.347213e-01
157,2570,1.903183e-01,8.445204e-01,2.443690e-02,7.186594e-01,-7.275405e-01
158,2580,1.885998e-01,8.447763e-01,2.958614e-02,7.223355e-01,-7.211142e-01
159,2590,1.865991e-01,8.449857e-01,3.399434e-02,7.259797e-01,-7.145368e-01
160,2600,1.843848e-01,8.451496e-01,3.864111e-02,7.295930e-01,-7.073492e-01
161,2610,1.817569e-01,8.452691e-01,4.349854e-02,7.331761e-01,-6.991572e-01
162,2620,1.790644e-01,8.453448e-01,4.755089e-02,7.367292e-01,-6.912678e-01
163,2630,1.761694e-01,8.453776e-01,5.116812e-02,7.402525e-01,-6.831778e-01
164,2640,1.730152e-01,8.453690e-01,5.488548e-02,7.437461e-01,-6.744297e-01
165,2650,1.695669e-01,8.453202e-01,5.926058e-02,7.472098e-01,-6.645811e-01
166,2660,1.667105e-01,8.452314e-01,6.409241e-02,7.506428e-01,-6.555810e-01
167,2670,1.640523e-01,8.451029e-01,6.795190e-02,7.540450e-01,-6.475405e-01
168,2680,1.617137e-01,8.449354e-01,7.003221e-02,7.574162e-01,-6.412599e-01
169,2690,1.594098e-01,8.447310e-01,7.217225e-02,7.607577e-01,-6.349717e-01
170,2700,1.571342e-01,8.444914e-01,7.350892e-02,7.640701e-01,-6.292229e-01
171,2710,1.546675e-01,8.442189e-01,7.600965e-02,7.673544e-01,-6.222615e-01
172,2720,1.524265e-01,8.439145e-01,7.846044e-02,7.706109e-01,-6.157740e-01
173,2730,1.503812e-01,8.435794e-01,8.056284e-02,7.738401e-01,-6.099011e-01
174,2740,1.481931e-01,8.432146e-01,8.418013e-02,7.770427e-01,-6.026695e-01
175,2750,1.458015e-01,8.428200e-01,8.758304e-02,7.802186e-01,-5.950690e-01
176,2760,1.431646e-01,8.423958e-01,9.041994e-02,7.833676e-01,-5.872308e-01
177,2770,1.404600e-01,8.419424e-01,9.355655e-02,7.864895e-01,-5.789647e-01
178,2780,1.377958e-01,8.414600e-01,9.623793e-02,7.895836e-01,-5.710235e-01
179,2790,1.349740e-01,8.409490e-01,9.891882e-02,7.926497e-01,-5.626398e-01
180,2800,1.321797e-01,8.404099e-01,1.021523e-01,7.956871e-01,-5.538545e-01
181,2810,1.295964e-01,8.398427e-01,1.056797e-01,7.986953e-01,-5.452767e-01
182,2820,1.275405e-01,8.392471e-01,1.080427e-01,8.016735e-01,-5.386989e-01
183,2830,1.255197e-01,8.386237e-01,1.084056e-01,8.046224e-01,-5.335580e-01
184,2840,1.234341e-01,8.379747e-01,1.101195e-01,8.075428e-01,-5.272671e-01
185,2850,1.213065e-01,8.373010e-01,1.114007e-01,8.104353e-01,-5.211261e-01
186,2860,1.195951e-01,8.366037e-01,1.128810e-01,8.133003e-01,-5.158292e-01
187,2870,1.179279e-01,8.358836e-01,1.130569e-01,8.161384e-01,-5.115350e-01
188,2880,1.163587e-01,8.351426e-01,1.119779e-01,8.189510e-01,-5.083508e-01
189,2890,1.149493e-01,8.343834e-01,1.114614e-01,8.217396e-01,-5.051466e-01
190,2900,1.137587e-01,8.336078e-01,1.117455e-01,8.245055e-01,-5.019095e-01
191,2910,1.126316e-01,8.328170e-01,1.129992e-01,8.272501e-01,-4.981266e-01
192,2920,1.115547e-01,8.320112e-01,1.157314e-01,8.299742e-01,-4.933928e-01
193,2930,1.103733e-01,8.311894e-01,1.204330e-01,8.326781e-01,-4.869320e-01
194,2940,1.089956e-01,8.303490e-01,1.246566e-01,8.353612e-01,-4.802523e-01
195,2950,1.078674e-01,8.294882e-01,1.266735e-01,8.380227e-01,-4.758033e-01
196,2960,1.069412e-01,8.286068e-01,1.285827e-01,8.406633e-01,-4.719443e-01
197,2970,1.058519e-01,8.277052e-01,1.310385e-01,8.432835e-01,-4.672250e-01
198,2980,1.047687e-01,8.267829e-01,1.337834e-01,8.458836e-01,-4.622771e-01
199,2990,1.036812e-01,8.258395e-01,1.355509e-01,8.484637e-01,-4.580219e-01
200,3000,1.026724e-01,8.248751e-01,1.363963e-01,8.510242e-01,-4.546529e-01
201,3010,1.015375e-01,8.238909e-01,1.360244e-01,8.535658e-01,-4.518434e-01
202,3020,1.002039e-01,8.228888e-01,1.367681e-01,8.560895e-01,-4.476260e-01
203,3030,9.891673e-02,8.218696e-01,1.364325e-01,8.585955e-01,-4.443280e-01
204,3040,9.750225e-02,8.208349e-01,1.344995e-01,8.610844e-01,-4.418625e-01
205,3050,9.577499e-02,8.197877e-01,1.325778e-01,8.635572e-01,-4.384797e-01
206,3060,9.398799e-02,8.187304e-01,1.315804e-01,8.660142e-01,-4.341843e-01
207,3070,9.237252e-02,8.176647e-01,1.306585e-01,8.684554e-01,-4.302750e-01
208,3080,9.082322e-02,8.165917e-01,1.301532e-01,8.708808e-01,-4.262010e-01
209,3090,8.935723e-02,8.155125e-01,1.298029e-01,8.732904e-01,-4.222134e-01
210,3100,8.787646e-02,8.144276e-01,1.292998e-01,8.756841e-01,-4.182626e-01
211,3110,8.622972e-02,8.133377e-01,1.281446e-01,8.780622e-01,-4.142779e-01
212,3120,8.478132e-02,8.122440e-01,1.270380e-01,8.804244e-01,-4.108035e-01
213,3130,8.358447e-02,8.111476e-01,1.263688e-01,8.827711e-01,-4.077184e-01
214,3140,8.233583e-02,8.100491e-01,1.265563e-01,8.851027e-01,-4.037981e-01
215,3150,8.125655e-02,8.089482e-01,1.258723e-01,8.874190e-01,-4.010299e-01
216,3160,8.000662e-02,8.078454e-01,1.258659e-01,8.897207e-01,-3.971972e-01
217,3170,7.868928e-02,8.067408e-01,1.256820e-01,8.920076e-01,-3.932590e-01
218,3180,7.746965e-02,8.056343e-01,1.258205e-01,8.942797e-01,-3.893446e-01
219,3190,7.628666e-02,8.045257e-01,1.260317e-01,8.965366e-01,-3.854581e-01
220,3200,7.513368e-02,8.034149e-01,1.265521e-01,8.987784e-01,-3.813974e-01
221,3210,7.381613e-02,8.023013e-01,1.270000e-01,9.010049e-01,-3.768315e-01
222,3220,7.238483e-02,8.011846e-01,1.289186e-01,9.032155e-01,-3.707097e-01
223,3230,7.075702e-02,8.000630e-01,1.317315e-01,9.054091e-01,-3.631738e-01
224,3240,6.924680e-02,7.989342e-01,1.326385e-01,9.075837e-01,-3.574469e-01
225,3250,6.774285e-02,7.977980e-01,1.322188e-01,9.097384e-01,-3.527295e-01
226,3260,6.626440e-02,7.966551e-01,1.312267e-01,9.118732e-01,-3.484954e-01
227,3270,6.487887e-02,7.955067e-01,1.304180e-01,9.139882e-01,-3.443798e-01
228,3280,6.361029e-02,7.943539e-01,1.292469e-01,9.160834e-01,-3.409088e-01
229,3290,6.232126e-02,7.931979e-01,1.278603e-01,9.181594e-01,-3.374928e-01
230,3300,6.091453e-02,7.920399e-01,1.269529e-01,9.202166e-01,-3.332296e-01
231,3310,5.941233e-02,7.908807e-01,1.249968e-01,9.222549e-01,-3.293981e-01
232,3320,5.811432e-02,7.897219e-01,1.220218e-01,9.242744e-01,-3.270510e-01
233,3330,5.702027e-02,7.885660e-01,1.204735e-01,9.262763e-01,-3.242699e-01
234,3340,5.596706e-02,7.874138e-01,1.205824e-01,9.282609e-01,-3.202893e-01
235,3350,5.477737e-02,7.862645e-01,1.212081e-01,9.302283e-01,-3.153442e-01
236,3360,5.366199e-02,7.851171e-01,1.222099e-01,9.321778e-01,-3.103242e-01
237,3370,5.272653e-02,7.839702e-01,1.214749e-01,9.341087e-01,-3.073387e-01
238,3380,5.181571e-02,7.828242e-01,1.204262e-01,9.360216e-01,-3.046686e-01
239,3390,5.099529e-02,7.816797e-01,1.195554e-01,9.379171e-01,-3.021777e-01
240,3400,5.009956e-02,7.805371e-01,1.189640e-01,9.397959e-01,-2.991400e-01
241,3410,4.925360e-02,7.793966e-01,1.189708e-01,9.416584e-01,-2.957864e-01
242,3420,4.852042e-02,7.782576e-01,1.184511e-01,9.435046e-01,-2.932789e-01
243,3430,4.780037e-02,7.771203e-01,1.175150e-01,9.453350e-01,-2.911381e-01
244,3440,4.710012e-02,7.759851e-01,1.167703e-01,9.471503e-01,-2.889015e-01
245,3450,4.644227e-02,7.748523e-01,1.164505e-01,9.489512e-01,-2.864743e-01
246,3460,4.584355e-02,7.737217e-01,1.158082e-01,9.507381e-01,-2.845322e-01
247,3470,4.526586e-02,7.725934e-01,1.142609e-01,9.525114e-01,-2.833920e-01
248,3480,4.475163e-02,7.714685e-01,1.137408e-01,9.542724e-01,-2.816723e-01
249,3490,4.435534e-02,7.703468e-01,1.135198e-01,9.560215e-01,-2.801934e-01
250,3500,4.395826e-02,7.692280e-01,1.138191e-01,9.577594e-01,-2.782828e-01
251,3510,4.348267e-02,7.681113e-01,1.153746e-01,9.594864e-01,-2.750096e-01
252,3520,4.303326e-02,7.669948e-01,1.161867e-01,9.612021e-01,-2.724346e-01
253,3530,4.270644e-02,7.658775e-01,1.172637e-01,9.629065e-01,-2.701536e-01
254,3540,4.233688e-02,7.647582e-01,1.178463e-01,9.645997e-01,-2.680851e-01
255,3550,4.200973e-02,7.636364e-01,1.177016e-01,9.662818e-01,-2.667907e-01
256,3560,4.170939e-02,7.625120e-01,1.165428e-01,9.679536e-01,-2.664424e-01
257,3570,4.135055e-02,7.613863e-01,1.148987e-01,9.696162e-01,-2.662313e-01
258,3580,4.104459e-02,7.602608e-01,1.134091e-01,9.712707e-01,-2.661152e-01
259,3590,4.073926e-02,7.591366e-01,1.138348e-01,9.729182e-01,-2.644294e-01
260,3600,4.038154e-02,7.580130e-01,1.139932e-01,9.745586e-01,-2.627252e-01
261,3610,4.009528e-02,7.568894e-01,1.135662e-01,9.761920e-01,-2.618106e-01
262,3620,3.965226e-02,7.557662e-01,1.137122e-01,9.778188e-01,-2.597231e-01
263,3630,3.917759e-02,7.546428e-01,1.143065e-01,9.794389e-01,-2.571114e-01
264,3640,3.883049e-02,7.535185e-01,1.143730e-01,9.810516e-01,-2.554955e-01
265,3650,3.846886e-02,7.523931e-01,1.138302e-01,9.826570e-01,-2.543103e-01
266,3660,3.818076e-02,7.512670e-01,1.142449e-01,9.842554e-01,-2.526590e-01
267,3670,3.783675e-02,7.501397e-01,1.153023e-01,9.858468e-01,-2.502104e-01
268,3680,3.742801e-02,7.490099e-01,1.154538e-01,9.874309e-01,-2.482079e-01
269,3690,3.700902e-02,7.478776e-01,1.144581e-01,9.890073e-01,-2.471049e-01
270,3700,3.666038e-02,7.467437e-01,1.139642e-01,9.905765e-01,-2.458995e-01
271,3710,3.624780e-02,7.456087e-01,1.138142e-01,9.921388e-01,-2.441000e-01
272,3720,3.581663e-02,7.444726e-01,1.147106e-01,9.936941e-01,-2.413243e-01
273,3730,3.534685e-02,7.433344e-01,1.158169e-01,9.952416e-01,-2.381688e-01
274,3740,3.482552e-02,7.421929e-01,1.164584e-01,9.967806e-01,-2.351370e-01
275,3750,3.438146e-02,7.410477e-01,1.166209e-01,9.983104e-01,-2.328619e-01
276,3760,3.393316e-02,7.398986e-01,1.165306e-01,9.998307e-01,-2.307658e-01
277,3770,3.355353e-02,7.387460e-01,1.167177e-01,1.001341e+00,-2.287533e-01
278,3780,3.320752e-02,7.375897e-01,1.157074e-01,1.002843e+00,-2.279185e-01
279,3790,3.281653e-02,7.364309e-01,1.140965e-01,1.004335e+00,-2.273639e-01
280,3800,3.240920e-02,7.352713e-01,1.115400e-01,1.005820e+00,-2.275158e-01
281,3810,3.200235e-02,7.341133e-01,1.089694e-01,1.007297e+00,-2.276599e-01
282,3820,3.148133e-02,7.329590e-01,1.070814e-01,1.008769e+00,-2.266367e-01
283,3830,3.112436e-02,7.318098e-01,1.054044e-01,1.010235e+00,-2.262422e-01
284,3840,3.080726e-02,7.306667e-01,1.043123e-01,1.011696e+00,-2.255491e-01
285,3850,3.042133e-02,7.295300e-01,1.034466e-01,1.013152e+00,-2.243071e-01
286,3860,2.996285e-02,7.283997e-01,1.020460e-01,1.014604e+00,-2.231251e-01
287,3870,2.949575e-02,7.272764e-01,1.010471e-01,1.016051e+00,-2.215456e-01
288,3880,2.897385e-02,7.261603e-01,1.006625e-01,1.017493e+00,-2.191498e-01
289,3890,2.858173e-02,7.250509e-01,1.001119e-01,1.018929e+00,-2.175512e-01
290,3900,2.820924e-02,7.239479e-01,9.908114e-02,1.020359e+00,-2.164422e-01
291,3910,2.774361e-02,7.228514e-01,9.845641e-02,1.021784e+00,-2.144849e-01
292,3920,2.723415e-02,7.217613e-01,9.809928e-02,1.023202e+00,-2.120473e-01
293,3930,2.671419e-02,7.206772e-01,9.783807e-02,1.024614e+00,-2.094456e-01
294,3940,2.624696e-02,7.195985e-01,9.730852e-02,1.026018e+00,-2.073301e-01
295,3950,2.577984e-02,7.185251e-01,9.746125e-02,1.027414e+00,-2.046193e-01
296,3960,2.535517e-02,7.174561e-01,9.747244e-02,1.028801e+00,-2.022392e-01
297,3970,2.501955e-02,7.163908e-01,9.764650e-02,1.030180e+00,-2.002030e-01
298,3980,2.458898e-02,7.153286e-01,9.736808e-02,1.031550e+00,-1.979944e-01
299,3990,2.407049e-02,7.142692e-01,9.708137e-02,1.032910e+00,-1.952635e-01
300,4000,2.355602e-02,7.132125e-01,9.641209e-02,1.034260e+00,-1.928477e-01
301,4010,2.312599e-02,7.121586e-01,9.614965e-02,1.035600e+00,-1.905499e-01
302,4020,2.269440e-02,7.111075e-01,9.592405e-02,1.036929e+00,-1.881864e-01
303,4030,2.222867e-02,7.100589e-01,9.546122e-02,1.038247e+00,-1.857948e-01
304,4040,2.174455e-02,7.090127e-01,9.573657e-02,1.039555e+00,-1.826261e-01
305,4050,2.123177e-02,7.079685e-01,9.585174e-02,1.040851e+00,-1.793800e-01
306,4060,2.076171e-02,7.069255e-01,9.587661e-02,1.042134e+00,-1.764360e-01
307,4070,2.036801e-02,7.058836e-01,9.652181e-02,1.043405e+00,-1.733958e-01
308,4080,2.001859e-02,7.048417e-01,9.616505e-02,1.044662e+00,-1.714863e-01
309,4090,1.968283e-02,7.038000e-01,9.543368e-02,1.045906e+00,-1.699733e-01
310,4100,1.930919e-02,7.027590e-01,9.436604e-02,1.047137e+00,-1.684904e-01
311,4110,1.897506e-02,7.017198e-01,9.281550e-02,1.048356e+00,-1.676654e-01
312,4120,1.865182e-02,7.006835e-01,9.070680e-02,1.049564e+00,-1.673765e-01
313,4130,1.822435e-02,6.996520e-01,8.851780e-02,1.050762e+00,-1.664384e-01
314,4140,1.775088e-02,6.986269e-01,8.674596e-02,1.051951e+00,-1.647926e-01
315,4150,1.732034e-02,6.976095e-01,8.497010e-02,1.053129e+00,-1.633994e-01
316,4160,1.683806e-02,6.966006e-01,8.404496e-02,1.054299e+00,-1.608796e-01
317,4170,1.632565e-02,6.956002e-01,8.307732e-02,1.055459e+00,-1.581363e-01
318,4180,1.577738e-02,6.946084e-01,8.203226e-02,1.056608e+00,-1.551461e-01
319,4190,1.528242e-02,6.936254e-01,8.119208e-02,1.057746e+00,-1.522984e-01
320,4200,1.482320e-02,6.926510e-01,8.061109e-02,1.058872e+00,-1.494312e-01
321,4210,1.438846e-02,6.916848e-01,7.932128e-02,1.059986e+00,-1.473094e-01
322,4220,1.399994e-02,6.907273e-01,7.755166e-02,1.061088e+00,-1.459056e-01
323,4230,1.369781e-02,6.897794e-01,7.571064e-02,1.062177e+00,-1.451845e-01
324,4240,1.346065e-02,6.888421e-01,7.411751e-02,1.063256e+00,-1.447242e-01
325,4250,1.324407e-02,6.879158e-01,7.264945e-02,1.064324e+00,-1.442978e-01
326,4260,1.301542e-02,6.870010e-01,7.200035e-02,1.065384e+00,-1.430632e-01
327,4270,1.275946e-02,6.860971e-01,7.087959e-02,1.066434e+00,-1.419979e-01
328,4280,1.251977e-02,6.852042e-01,7.033858e-02,1.067475e+00,-1.405490e-01
329,4290,1.230034e-02,6.843216e-01,7.038558e-02,1.068509e+00,-1.387440e-01
330,4300,1.212088e-02,6.834481e-01,7.077587e-02,1.069533e+00,-1.369531e-01
331,4310,1.194313e-02,6.825823e-01,7.124615e-02,1.070548e+00,-1.350925e-01
332,4320,1.177266e-02,6.817226e-01,7.266535e-02,1.071554e+00,-1.324519e-01
333,4330,1.159457e-02,6.808670e-01,7.506177e-02,1.072550e+00,-1.288561e-01
334,4340,1.141814e-02,6.800120e-01,7.790552e-02,1.073535e+00,-1.248176e-01
335,4350,1.129290e-02,6.791544e-01,7.923441e-02,1.074508e+00,-1.225379e-01
336,4360,1.120851e-02,6.782928e-01,7.941113e-02,1.075467e+00,-1.216474e-01
337,4370,1.107572e-02,6.774272e-01,7.908987e-02,1.076415e+00,-1.207871e-01
338,4380,1.090878e-02,6.765582e-01,7.806049e-02,1.077351e+00,-1.202669e-01
339,4390,1.076939e-02,6.756872e-01,7.625610e-02,1.078277e+00,-1.206810e-01
340,4400,1.062965e-02,6.748163e-01,7.427232e-02,1.079194e+00,-1.212364e-01
341,4410,1.047462e-02,6.739474e-01,7.187235e-02,1.080104e+00,-1.220067e-01
342,4420,1.029340e-02,6.730831e-01,6.970321e-02,1.081007e+00,-1.223127e-01
343,4430,1.006383e-02,6.722251e-01,6.762136e-02,1.081905e+00,-1.220815e-01
344,4440,9.805553e-03,6.713750e-01,6.601647e-02,1.082798e+00,-1.211425e-01
345,4450,9.519774e-03,6.705338e-01,6.464781e-02,1.083687e+00,-1.197113e-01
346,4460,9.186290e-03,6.697021e-01,6.407584e-02,1.084571e+00,-1.170999e-01
347,4470,8.874548e-03,6.688793e-01,6.357970e-02,1.085448e+00,-1.145718e-01
348,4480,8.582043e-03,6.680652e-01,6.335429e-02,1.086318e+00,-1.119394e-01
349,4490,8.267680e-03,6.672589e-01,6.397101e-02,1.087180e+00,-1.082898e-01
350,4500,7.993361e-03,6.664589e-01,6.466833e-02,1.088032e+00,-1.048979e-01
351,4510,7.801586e-03,6.656636e-01,6.479274e-02,1.088873e+00,-1.028158e-01
352,4520,7.658680e-03,6.648723e-01,6.370672e-02,1.089702e+00,-1.023122e-01
353,4530,7.493338e-03,6.640857e-01,6.204427e-02,1.090521e+00,-1.020744e-01
354,4540,7.316829e-03,6.633052e-01,6.152184e-02,1.091331e+00,-1.006744e-01
355,4550,7.154019e-03,6.625307e-01,6.242469e-02,1.092131e+00,-9.811274e-02
356,4560,7.006334e-03,6.617603e-01,6.333348e-02,1.092921e+00,-9.567533e-02
357,4570,6.840525e-03,6.609926e-01,6.360272e-02,1.093701e+00,-9.359497e-02
358,4580,6.683775e-03,6.602268e-01,6.439539e-02,1.094469e+00,-9.109966e-02
359,4590,6.534301e-03,6.594617e-01,6.506535e-02,1.095226e+00,-8.876698e-02
360,4600,6.380558e-03,6.586964e-01,6.567585e-02,1.095970e+00,-8.640775e-02
361,4610,6.229627e-03,6.579300e-01,6.643876e-02,1.096703e+00,-8.389964e-02
362,4620,6.077453e-03,6.571617e-01,6.799382e-02,1.097422e+00,-8.056197e-02
363,4630,5.942348e-03,6.563895e-01,6.932084e-02,1.098128e+00,-7.759660e-02
364,4640,5.794541e-03,6.556124e-01,7.040874e-02,1.098819e+00,-7.466003e-02
365,4650,5.689716e-03,6.548293e-01,7.156891e-02,1.099495e+00,-7.214533e-02
366,4660,5.582897e-03,6.540394e-01,7.191353e-02,1.100156e+00,-7.041278e-02
367,4670,5.464945e-03,6.532427e-01,7.106773e-02,1.100801e+00,-6.974998e-02
368,4680,5.365892e-03,6.524408e-01,7.020830e-02,1.101434e+00,-6.933476e-02
369,4690,5.273475e-03,6.516352e-01,7.003031e-02,1.102053e+00,-6.829061e-02
370,4700,5.205259e-03,6.508262e-01,6.932539e-02,1.102660e+00,-6.810705e-02
371,4710,5.152023e-03,6.500148e-01,6.940879e-02,1.103256e+00,-6.730281e-02
372,4720,5.086192e-03,6.492012e-01,7.032438e-02,1.103842e+00,-6.544961e-02
373,4730,5.044310e-03,6.483843e-01,7.088538e-02,1.104417e+00,-6.428155e-02
374,4740,5.017179e-03,6.475636e-01,7.110254e-02,1.104982e+00,-6.367555e-02
375,4750,4.995013e-03,6.467391e-01,7.183548e-02,1.105537e+00,-6.258497e-02
376,4760,4.988794e-03,6.459101e-01,7.270449e-02,1.106083e+00,-6.156334e-02
377,4770,4.952300e-03,6.450760e-01,7.244970e-02,1.106619e+00,-6.132520e-02
378,4780,4.916263e-03,6.442375e-01,7.173771e-02,1.107147e+00,-6.158438e-02
379,4790,4.888802e-03,6.433956e-01,7.122134e-02,1.107668e+00,-6.175128e-02
380,4800,4.858993e-03,6.425512e-01,6.973647e-02,1.108183e+00,-6.291446e-02
381,4810,4.858018e-03,6.417062e-01,6.865598e-02,1.108692e+00,-6.404127e-02
382,4820,4.866191e-03,6.408619e-01,6.700599e-02,1.109198e+00,-6.587577e-02
383,4830,4.864343e-03,6.400200e-01,6.435960e-02,1.109703e+00,-6.855802e-02
384,4840,4.852105e-03,6.391833e-01,6.232998e-02,1.110207e+00,-7.042640e-02
385,4850,4.859576e-03,6.383537e-01,6.073596e-02,1.110714e+00,-7.210255e-02
386,4860,4.859699e-03,6.375323e-01,5.951079e-02,1.111224e+00,-7.329972e-02
387,4870,4.855414e-03,6.367196e-01,5.906793e-02,1.111737e+00,-7.367108e-02
388,4880,4.852340e-03,6.359153e-01,5.879436e-02,1.112254e+00,-7.389402e-02
389,4890,4.858407e-03,6.351187e-01,5.899381e-02,1.112775e+00,-7.378305e-02
390,4900,4.850555e-03,6.343287e-01,5.825449e-02,1.113299e+00,-7.438992e-02
391,4910,4.808027e-03,6.335455e-01,5.720018e-02,1.113826e+00,-7.482762e-02
392,4920,4.737582e-03,6.327696e-01,5.558261e-02,1.114357e+00,-7.541396e-02
393,4930,4.655609e-03,6.320021e-01,5.335526e-02,1.114891e+00,-7.639421e-02
394,4940,4.577969e-03,6.312448e-01,5.150259e-02,1.115430e+00,-7.705492e-02
395,4950,4.479677e-03,6.304989e-01,4.986693e-02,1.115972e+00,-7.721123e-02
396,4960,4.381073e-03,6.297652e-01,4.841006e-02,1.116519e+00,-7.717765e-02
397,4970,4.319554e-03,6.290442e-01,4.675383e-02,1.117070e+00,-7.781515e-02
398,4980,4.246366e-03,6.283367e-01,4.608978e-02,1.117625e+00,-7.739058e-02
399,4990,4.188409e-03,6.276419e-01,4.531678e-02,1.118182e+00,-7.726727e-02
400,5000,4.136094e-03,6.269596e-01,4.395058e-02,1.118743e+00,-7.773873e-02
401,5010,4.074518e-03,6.262900e-01,4.236374e-02,1.119307e+00,-7.825716e-02
402,5020,4.012601e-03,6.256339e-01,4.091704e-02,1.119874e+00,-7.863109e-02
403,5030,3.939528e-03,6.249916e-01,3.931437e-02,1.120445e+00,-7.896171e-02
404,5040,3.871612e-03,6.243637e-01,3.768799e-02,1.121019e+00,-7.936439e-02
405,5050,3.814230e-03,6.237507e-01,3.569030e-02,1.121596e+00,-8.020429e-02
406,5060,3.767119e-03,6.231536e-01,3.385600e-02,1.122177e+00,-8.102977e-02
407,5070,3.703279e-03,6.225731e-01,3.222990e-02,1.122763e+00,-8.142152e-02
408,5080,3.609701e-03,6.220094e-01,3.078444e-02,1.123352e+00,-8.121353e-02
409,5090,3.556849e-03,6.214627e-01,3.001559e-02,1.123945e+00,-8.104692e-02
410,5100,3.519400e-03,6.209322e-01,2.908602e-02,1.124541e+00,-8.122636e-02
411,5110,3.484242e-03,6.204175e-01,2.920083e-02,1.125141e+00,-8.061504e-02
412,5120,3.437406e-03,6.199167e-01,2.952860e-02,1.125743e+00,-7.965764e-02
413,5130,3.369635e-03,6.194280e-01,2.930512e-02,1.126346e+00,-7.881385e-02
414,5140,3.303748e-03,6.189505e-01,2.833955e-02,1.126950e+00,-7.857382e-02
415,5150,3.220949e-03,6.184843e-01,2.758811e-02,1.127555e+00,-7.789193e-02
416,5160,3.137497e-03,6.180291e-01,2.768471e-02,1.128160e+00,-7.651833e-02
417,5170,3.053536e-03,6.175836e-01,2.765294e-02,1.128765e+00,-7.521880e-02
418,5180,2.947495e-03,6.171469e-01,2.756425e-02,1.129368e+00,-7.358824e-02
419,5190,2.848404e-03,6.167182e-01,2.766326e-02,1.129968e+00,-7.189043e-02
420,5200,2.747818e-03,6.162965e-01,2.797787e-02,1.130564e+00,-6.996277e-02
421,5210,2.640240e-03,6.158807e-01,2.744686e-02,1.131156e+00,-6.856175e-02
422,5220,2.530942e-03,6.154708e-01,2.584343e-02,1.131742e+00,-6.795129e-02
423,5230,2.422684e-03,6.150683e-01,2.435345e-02,1.132324e+00,-6.721870e-02
424,5240,2.291026e-03,6.146743e-01,2.290707e-02,1.132900e+00,-6.597367e-02
425,5250,2.160994e-03,6.142897e-01,2.141159e-02,1.133471e+00,-6.472175e-02
426,5260,2.045751e-03,6.139155e-01,2.017031e-02,1.134036e+00,-6.348068e-02
427,5270,1.945069e-03,6.135523e-01,1.949836e-02,1.134594e+00,-6.202808e-02
428,5280,1.873444e-03,6.131997e-01,1.892161e-02,1.135147e+00,-6.103844e-02
429,5290,1.818527e-03,6.128575e-01,1.801303e-02,1.135692e+00,-6.061316e-02
430,5300,1.757592e-03,6.125258e-01,1.732113e-02,1.136231e+00,-5.988005e-02
431,5310,1.678683e-03,6.122043e-01,1.702367e-02,1.136764e+00,-5.844861e-02
432,5320,1.606484e-03,6.118925e-01,1.654039e-02,1.137291e+00,-5.726269e-02
433,5330,1.545535e-03,6.115900e-01,1.612348e-02,1.137810e+00,-5.624083e-02
434,5340,1.472680e-03,6.112964e-01,1.606806e-02,1.138323e+00,-5.465252e-02
435,5350,1.406923e-03,6.110108e-01,1.531238e-02,1.138828e+00,-5.371271e-02
436,5360,1.346945e-03,6.107334e-01,1.387491e-02,1.139326e+00,-5.337479e-02
437,5370,1.296956e-03,6.104653e-01,1.254530e-02,1.139817e+00,-5.315206e-02
438,5380,1.258208e-03,6.102072e-01,1.122525e-02,1.140301e+00,-5.315833e-02
439,5390,1.204489e-03,6.099599e-01,1.073320e-02,1.140780e+00,-5.218706e-02
440,5400,1.152281e-03,6.097229e-01,1.064341e-02,1.141253e+00,-5.094124e-02
441,5410,1.117729e-03,6.094953e-01,1.069244e-02,1.141721e+00,-5.002358e-02
442,5420,1.093897e-03,6.092762e-01,1.049321e-02,1.142181e+00,-4.954720e-02
443,5430,1.071438e-03,6.090648e-01,1.100534e-02,1.142636e+00,-4.859531e-02
444,5440,1.050093e-03,6.088598e-01,1.226749e-02,1.143085e+00,-4.711542e-02
445,5450,1.036389e-03,6.086588e-01,1.366580e-02,1.143528e+00,-4.570735e-02
446,5460,1.032048e-03,6.084595e-01,1.539864e-02,1.143963e+00,-4.426109e-02
447,5470,1.033419e-03,6.082596e-01,1.678320e-02,1.144391e+00,-4.320570e-02
448,5480,1.054734e-03,6.080571e-01,1.692948e-02,1.144812e+00,-4.366973e-02
449,5490,1.084978e-03,6.078521e-01,1.667286e-02,1.145226e+00,-4.468723e-02
450,5500,1.112833e-03,6.076452e-01,1.665977e-02,1.145635e+00,-4.543560e-02
451,5510,1.136019e-03,6.074364e-01,1.697617e-02,1.146040e+00,-4.579301e-02
452,5520,1.149212e-03,6.072257e-01,1.769902e-02,1.146443e+00,-4.556161e-02
453,5530,1.170209e-03,6.070120e-01,1.816584e-02,1.146843e+00,-4.573080e-02
454,5540,1.191741e-03,6.067952e-01,1.828828e-02,1.147240e+00,-4.618490e-02
455,5550,1.231116e-03,6.065753e-01,1.813603e-02,1.147636e+00,-4.730318e-02
456,5560,1.264614e-03,6.063527e-01,1.798640e-02,1.148031e+00,-4.825591e-02
457,5570,1.290634e-03,6.061280e-01,1.810112e-02,1.148426e+00,-4.880471e-02
458,5580,1.312474e-03,6.059011e-01,1.747905e-02,1.148822e+00,-4.982457e-02
459,5590,1.329997e-03,6.056730e-01,1.630757e-02,1.149220e+00,-5.115099e-02
460,5600,1.334570e-03,6.054455e-01,1.507517e-02,1.149620e+00,-5.219243e-02
461,5610,1.350467e-03,6.052201e-01,1.362446e-02,1.150023e+00,-5.364098e-02
462,5620,1.366780e-03,6.049985e-01,1.283016e-02,1.150431e+00,-5.459893e-02
463,5630,1.389184e-03,6.047814e-01,1.221870e-02,1.150843e+00,-5.555664e-02
464,5640,1.398287e-03,6.045693e-01,1.210289e-02,1.151260e+00,-5.584896e-02
465,5650,1.386262e-03,6.043616e-01,1.217136e-02,1.151682e+00,-5.552269e-02
466,5660,1.378019e-03,6.041579e-01,1.249810e-02,1.152108e+00,-5.509875e-02
467,5670,1.352204e-03,6.039572e-01,1.304587e-02,1.152537e+00,-5.410204e-02
468,5680,1.322625e-03,6.037586e-01,1.385301e-02,1.152969e+00,-5.281449e-02
469,5690,1.291475e-03,6.035607e-01,1.493078e-02,1.153402e+00,-5.126716e-02
470,5700,1.263055e-03,6.033620e-01,1.541039e-02,1.153835e+00,-5.021367e-02
471,5710,1.231304e-03,6.031618e-01,1.625967e-02,1.154266e+00,-4.877961e-02
472,5720,1.217970e-03,6.029590e-01,1.677803e-02,1.154696e+00,-4.804406e-02
473,5730,1.204504e-03,6.027532e-01,1.693067e-02,1.155123e+00,-4.758572e-02
474,5740,1.178662e-03,6.025445e-01,1.715508e-02,1.155547e+00,-4.675258e-02
475,5750,1.144847e-03,6.023328e-01,1.748057e-02,1.155968e+00,-4.562248e-02
476,5760,1.103039e-03,6.021179e-01,1.684938e-02,1.156386e+00,-4.502726e-02
477,5770,1.062215e-03,6.019010e-01,1.601348e-02,1.156801e+00,-4.459719e-02
478,5780,1.032266e-03,6.016834e-01,1.515004e-02,1.157212e+00,-4.446030e-02
479,5790,1.020229e-03,6.014663e-01,1.423071e-02,1.157619e+00,-4.483973e-02
480,5800,1.019080e-03,6.012509e-01,1.334449e-02,1.158024e+00,-4.547966e-02
481,5810,1.012644e-03,6.010383e-01,1.177724e-02,1.158427e+00,-4.646482e-02
482,5820,9.972018e-04,6.008304e-01,1.046544e-02,1.158829e+00,-4.698987e-02
483,5830,9.806295e-04,6.006284e-01,9.988688e-03,1.159232e+00,-4.687409e-02
484,5840,9.634613e-04,6.004325e-01,9.581619e-03,1.159634e+00,-4.668687e-02
485,5850,9.531092e-04,6.002426e-01,9.128970e-03,1.160036e+00,-4.671586e-02
486,5860,9.417720e-04,6.000587e-01,8.407339e-03,1.160437e+00,-4.689872e-02
487,5870,9.229267e-04,5.998812e-01,8.213853e-03,1.160839e+00,-4.650187e-02
488,5880,8.926887e-04,5.997098e-01,8.601978e-03,1.161241e+00,-4.537271e-02
489,5890,8.650804e-04,5.995432e-01,9.191008e-03,1.161641e+00,-4.416049e-02
490,5900,8.418629e-04,5.993802e-01,9.726166e-03,1.162040e+00,-4.309642e-02
491,5910,8.265100e-04,5.992196e-01,1.012526e-02,1.162435e+00,-4.235124e-02
492,5920,8.147713e-04,5.990607e-01,1.043769e-02,1.162828e+00,-4.177076e-02
493,5930,8.188814e-04,5.989027e-01,1.089774e-02,1.163218e+00,-4.155894e-02
494,5940,8.209222e-04,5.987450e-01,1.162485e-02,1.163604e+00,-4.108271e-02
495,5950,8.193062e-04,5.985864e-01,1.287726e-02,1.163988e+00,-4.008726e-02
496,5960,8.218070e-04,5.984253e-01,1.373236e-02,1.164368e+00,-3.950306e-02
497,5970,8.215006e-04,5.982607e-01,1.481412e-02,1.164745e+00,-3.864124e-02
498,5980,8.346034e-04,5.980913e-01,1.599940e-02,1.165117e+00,-3.808809e-02
499,5990,8.495731e-04,5.979159e-01,1.791589e-02,1.165486e+00,-3.695753e-02
500,6000,8.660299e-04,5.977324e-01,1.959690e-02,1.165849e+00,-3.602148e-02
501,6010,8.864417e-04,5.975391e-01,2.101990e-02,1.166208e+00,-3.539347e-02
502,6020,9.014357e-04,5.973350e-01,2.230412e-02,1.166562e+00,-3.469525e-02
503,6030,9.180245e-04,5.971192e-01,2.296064e-02,1.166912e+00,-3.459992e-02
504,6040,9.198757e-04,5.968919e-01,2.353770e-02,1.167256e+00,-3.412383e-02
505,6050,9.190098e-04,5.966535e-01,2.395522e-02,1.167596e+00,-3.370865e-02
506,6060,9.094320e-04,5.964042e-01,2.485252e-02,1.167932e+00,-3.256687e-02
507,6070,8.961428e-04,5.961439e-01,2.552219e-02,1.168263e+00,-3.150854e-02
508,6080,8.983386e-04,5.958727e-01,2.644867e-02,1.168589e+00,-3.067093e-02
509,6090,8.984391e-04,5.955903e-01,2.696913e-02,1.168909e+00,-3.015753e-02
510,6100,8.957740e-04,5.952969e-01,2.730513e-02,1.169224e+00,-2.973621e-02
511,6110,8.911595e-04,5.949932e-01,2.735296e-02,1.169533e+00,-2.954049e-02
512,6120,8.859230e-04,5.946800e-01,2.705127e-02,1.169838e+00,-2.967598e-02
513,6130,8.702906e-04,5.943587e-01,2.626397e-02,1.170139e+00,-2.995924e-02
514,6140,8.519648e-04,5.940311e-01,2.543297e-02,1.170436e+00,-3.018766e-02
515,6150,8.331958e-04,5.936990e-01,2.465288e-02,1.170731e+00,-3.033968e-02
516,6160,8.056488e-04,5.933641e-01,2.382099e-02,1.171023e+00,-3.024082e-02
517,6170,7.798022e-04,5.930276e-01,2.294057e-02,1.171313e+00,-3.022590e-02
518,6180,7.519179e-04,5.926910e-01,2.187383e-02,1.171600e+00,-3.029804e-02
519,6190,7.157145e-04,5.923558e-01,2.062216e-02,1.171887e+00,-3.022926e-02
520,6200,6.828693e-04,5.920238e-01,1.879470e-02,1.172171e+00,-3.075581e-02
521,6210,6.546338e-04,5.916971e-01,1.739955e-02,1.172455e+00,-3.100237e-02
522,6220,6.294668e-04,5.913773e-01,1.636652e-02,1.172738e+00,-3.100534e-02
523,6230,6.112288e-04,5.910652e-01,1.601812e-02,1.173020e+00,-3.064727e-02
524,6240,6.046044e-04,5.907604e-01,1.586377e-02,1.173302e+00,-3.053863e-02
525,6250,5.932653e-04,5.904625e-01,1.495881e-02,1.173583e+00,-3.089417e-02
526,6260,5.729197e-04,5.901721e-01,1.408375e-02,1.173864e+00,-3.087592e-02
527,6270,5.510558e-04,5.898897e-01,1.401511e-02,1.174145e+00,-3.011215e-02
528,6280,5.277474e-04,5.896146e-01,1.410036e-02,1.174424e+00,-2.914535e-02
529,6290,5.118003e-04,5.893459e-01,1.427330e-02,1.174702e+00,-2.837301e-02
530,6300,4.994370e-04,5.890828e-01,1.414145e-02,1.174978e+00,-2.799276e-02
531,6310,4.881229e-04,5.888247e-01,1.429760e-02,1.175252e+00,-2.740212e-02
532,6320,4.835310e-04,5.885711e-01,1.431046e-02,1.175523e+00,-2.720380e-02
533,6330,4.803218e-04,5.883213e-01,1.436424e-02,1.175792e+00,-2.702590e-02
534,6340,4.687756e-04,5.880749e-01,1.461997e-02,1.176059e+00,-2.632577e-02
535,6350,4.520310e-04,5.878311e-01,1.465189e-02,1.176322e+00,-2.559198e-02
536,6360,4.388923e-04,5.875897e-01,1.451198e-02,1.176583e+00,-2.515148e-02
537,6370,4.311265e-04,5.873506e-01,1.419435e-02,1.176841e+00,-2.509419e-02
538,6380,4.285590e-04,5.871140e-01,1.438490e-02,1.177096e+00,-2.481406e-02
539,6390,4.316802e-04,5.868793e-01,1.506091e-02,1.177348e+00,-2.434776e-02
540,6400,4.343848e-04,5.866452e-01,1.562189e-02,1.177597e+00,-2.395805e-02
541,6410,4.400550e-04,5.864110e-01,1.570042e-02,1.177844e+00,-2.413500e-02
542,6420,4.425505e-04,5.861765e-01,1.523895e-02,1.178088e+00,-2.466178e-02
543,6430,4.416827e-04,5.859423e-01,1.492257e-02,1.178330e+00,-2.490768e-02
544,6440,4.365167e-04,5.857088e-01,1.522285e-02,1.178571e+00,-2.441367e-02
545,6450,4.325559e-04,5.854756e-01,1.554504e-02,1.178810e+00,-2.394765e-02
546,6460,4.345718e-04,5.852420e-01,1.592544e-02,1.179047e+00,-2.368796e-02
547,6470,4.405669e-04,5.850076e-01,1.651295e-02,1.179283e+00,-2.340765e-02
548,6480,4.490242e-04,5.847715e-01,1.703279e-02,1.179517e+00,-2.329166e-02
549,6490,4.508343e-04,5.845329e-01,1.743325e-02,1.179748e+00,-2.299167e-02
550,6500,4.557539e-04,5.842916e-01,1.809337e-02,1.179978e+00,-2.257431e-02
551,6510,4.585001e-04,5.840468e-01,1.841273e-02,1.180206e+00,-2.238505e-02
552,6520,4.637717e-04,5.837983e-01,1.823420e-02,1.180432e+00,-2.278906e-02
553,6530,4.652208e-04,5.835468e-01,1.761812e-02,1.180657e+00,-2.344227e-02
554,6540,4.584111e-04,5.832933e-01,1.709106e-02,1.180881e+00,-2.364570e-02
555,6550,4.449183e-04,5.830389e-01,1.735011e-02,1.181105e+00,-2.281019e-02
556,6560,4.306237e-04,5.827833e-01,1.756468e-02,1.181327e+00,-2.196514e-02
557,6570,4.191593e-04,5.825261e-01,1.801889e-02,1.181548e+00,-2.099756e-02
558,6580,4.080117e-04,5.822670e-01,1.867076e-02,1.181766e+00,-1.982408e-02
559,6590,4.013794e-04,5.820049e-01,1.923648e-02,1.181982e+00,-1.892731e-02
560,6600,3.991905e-04,5.817394e-01,1.967442e-02,1.182193e+00,-1.836431e-02
561,6610,3.962246e-04,5.814700e-01,2.052289e-02,1.182400e+00,-1.731390e-02
562,6620,4.019931e-04,5.811957e-01,2.159219e-02,1.182604e+00,-1.643005e-02
563,6630,4.098556e-04,5.809155e-01,2.250489e-02,1.182802e+00,-1.579943e-02
564,6640,4.147117e-04,5.806283e-01,2.283422e-02,1.182995e+00,-1.566857e-02
565,6650,4.126256e-04,5.803345e-01,2.288039e-02,1.183184e+00,-1.551021e-02
566,6660,4.208170e-04,5.800345e-01,2.370385e-02,1.183369e+00,-1.497037e-02
567,6670,4.348932e-04,5.797276e-01,2.465087e-02,1.183549e+00,-1.456420e-02
568,6680,4.393809e-04,5.794130e-01,2.498763e-02,1.183725e+00,-1.438803e-02
569,6690,4.354029e-04,5.790909e-01,2.413494e-02,1.183897e+00,-1.519972e-02
570,6700,4.327408e-04,5.787633e-01,2.291823e-02,1.184067e+00,-1.646868e-02
571,6710,4.269142e-04,5.784326e-01,2.161191e-02,1.184235e+00,-1.763630e-02
572,6720,4.246527e-04,5.781012e-01,2.067597e-02,1.184403e+00,-1.853551e-02
573,6730,4.247960e-04,5.777704e-01,1.959940e-02,1.184572e+00,-1.966789e-02
574,6740,4.227013e-04,5.774419e-01,1.892768e-02,1.184743e+00,-2.025486e-02
575,6750,4.175756e-04,5.771164e-01,1.867010e-02,1.184916e+00,-2.027532e-02
576,6760,4.198195e-04,5.767941e-01,1.869442e-02,1.185091e+00,-2.035563e-02
577,6770,4.308748e-04,5.764745e-01,1.858386e-02,1.185268e+00,-2.097706e-02
578,6780,4.381827e-04,5.761575e-01,1.802504e-02,1.185447e+00,-2.185919e-02
579,6790,4.508950e-04,5.758436e-01,1.730402e-02,1.185629e+00,-2.311715e-02
580,6800,4.624199e-04,5.755338e-01,1.722185e-02,1.185815e+00,-2.369600e-02
581,6810,4.760703e-04,5.752276e-01,1.718081e-02,1.186005e+00,-2.431818e-02
582,6820,4.838341e-04,5.749248e-01,1.646596e-02,1.186200e+00,-2.530428e-02
583,6830,4.939339e-04,5.746260e-01,1.617938e-02,1.186399e+00,-2.598208e-02
584,6840,4.987365e-04,5.743314e-01,1.593125e-02,1.186604e+00,-2.640132e-02
585,6850,4.931949e-04,5.740409e-01,1.567113e-02,1.186813e+00,-2.640710e-02
586,6860,4.932451e-04,5.737544e-01,1.546144e-02,1.187027e+00,-2.659526e-02
587,6870,4.965035e-04,5.734719e-01,1.519095e-02,1.187245e+00,-2.696631e-02
588,6880,4.977699e-04,5.731934e-01,1.467519e-02,1.187467e+00,-2.746708e-02
589,6890,5.015214e-04,5.729192e-01,1.485373e-02,1.187694e+00,-2.746347e-02
590,6900,5.076819e-04,5.726486e-01,1.561995e-02,1.187925e+00,-2.704014e-02
591,6910,5.176653e-04,5.723801e-01,1.664043e-02,1.188159e+00,-2.652948e-02
592,6920,5.287232e-04,5.721118e-01,1.767741e-02,1.188395e+00,-2.602563e-02
593,6930,5.400009e-04,5.718419e-01,1.852510e-02,1.188633e+00,-2.568703e-02
594,6940,5.545605e-04,5.715693e-01,1.900701e-02,1.188872e+00,-2.581082e-02
595,6950,5.642959e-04,5.712934e-01,1.939431e-02,1.189112e+00,-2.582692e-02
596,6960,5.744261e-04,5.710139e-01,1.971814e-02,1.189353e+00,-2.591451e-02
597,6970,5.840148e-04,5.707306e-01,2.032522e-02,1.189596e+00,-2.570520e-02
598,6980,5.952567e-04,5.704429e-01,2.123594e-02,1.189840e+00,-2.525552e-02
599,6990,6.085921e-04,5.701497e-01,2.249240e-02,1.190084e+00,-2.452453e-02
600,7000,6.150482e-04,5.698495e-01,2.318044e-02,1.190327e+00,-2.407847e-02
601,7010,6.163238e-04,5.695419e-01,2.343635e-02,1.190570e+00,-2.386651e-02
602,7020,6.140166e-04,5.692271e-01,2.347179e-02,1.190812e+00,-2.374041e-02
603,7030,6.117870e-04,5.689058e-01,2.332342e-02,1.191053e+00,-2.380566e-02
604,7040,6.141100e-04,5.685787e-01,2.264706e-02,1.191293e+00,-2.458224e-02
605,7050,6.128339e-04,5.682476e-01,2.137305e-02,1.191534e+00,-2.579606e-02
606,7060,6.043469e-04,5.679148e-01,2.018509e-02,1.191776e+00,-2.661903e-02
607,7070,5.926130e-04,5.675824e-01,1.920489e-02,1.192020e+00,-2.709819e-02
608,7080,5.837620e-04,5.672519e-01,1.853312e-02,1.192267e+00,-2.738510e-02
609,7090,5.763507e-04,5.669242e-01,1.799164e-02,1.192516e+00,-2.759935e-02
610,7100,5.778076e-04,5.665997e-01,1.744121e-02,1.192767e+00,-2.815389e-02
611,7110,5.807222e-04,5.662792e-01,1.708627e-02,1.193021e+00,-2.858223e-02
612,7120,5.765964e-04,5.659626e-01,1.680371e-02,1.193278e+00,-2.867774e-02
613,7130,5.722294e-04,5.656501e-01,1.625154e-02,1.193538e+00,-2.899958e-02
614,7140,5.589899e-04,5.653421e-01,1.539477e-02,1.193801e+00,-2.924255e-02
615,7150,5.476446e-04,5.650396e-01,1.495249e-02,1.194066e+00,-2.918934e-02
616,7160,5.368422e-04,5.647426e-01,1.443166e-02,1.194335e+00,-2.921752e-02
617,7170,5.272928e-04,5.644515e-01,1.381790e-02,1.194605e+00,-2.936513e-02
618,7180,5.197771e-04,5.641667e-01,1.348466e-02,1.194878e+00,-2.935087e-02
619,7190,5.108452e-04,5.638880e-01,1.335337e-02,1.195152e+00,-2.911003e-02
620,7200,4.986770e-04,5.636151e-01,1.359339e-02,1.195429e+00,-2.842655e-02
621,7210,4.854898e-04,5.633469e-01,1.379025e-02,1.195706e+00,-2.772881e-02
622,7220,4.710059e-04,5.630827e-01,1.454587e-02,1.195984e+00,-2.648335e-02
623,7230,4.642634e-04,5.628207e-01,1.569247e-02,1.196260e+00,-2.518371e-02
624,7240,4.607128e-04,5.625589e-01,1.626057e-02,1.196534e+00,-2.451580e-02
625,7250,4.602651e-04,5.622963e-01,1.711627e-02,1.196805e+00,-2.370221e-02
626,7260,4.513191e-04,5.620315e-01,1.821355e-02,1.197073e+00,-2.226204e-02
627,7270,4.471723e-04,5.617629e-01,1.890391e-02,1.197337e+00,-2.139810e-02
628,7280,4.469443e-04,5.614896e-01,1.885764e-02,1.197596e+00,-2.143383e-02
629,7290,4.526497e-04,5.612123e-01,1.886258e-02,1.197851e+00,-2.168425e-02
630,7300,4.571003e-04,5.609312e-01,1.914918e-02,1.198103e+00,-2.159796e-02
631,7310,4.637403e-04,5.606462e-01,1.969344e-02,1.198351e+00,-2.134822e-02
632,7320,4.703981e-04,5.603569e-01,1.988193e-02,1.198596e+00,-2.145295e-02
633,7330,4.752407e-04,5.600631e-01,1.968554e-02,1.198838e+00,-2.186268e-02
634,7340,4.789704e-04,5.597658e-01,1.932266e-02,1.199079e+00,-2.238548e-02
635,7350,4.854574e-04,5.594658e-01,1.914390e-02,1.199318e+00,-2.284066e-02
636,7360,4.908193e-04,5.591636e-01,1.880754e-02,1.199556e+00,-2.339663e-02
637,7370,4.967734e-04,5.588599e-01,1.849022e-02,1.199795e+00,-2.395299e-02
638,7380,5.014142e-04,5.585555e-01,1.836277e-02,1.200034e+00,-2.426847e-02
639,7390,5.087359e-04,5.582507e-01,1.809907e-02,1.200274e+00,-2.482112e-02
640,7400,5.174311e-04,5.579457e-01,1.781514e-02,1.200516e+00,-2.544250e-02
641,7410,5.272318e-04,5.576411e-01,1.756957e-02,1.200759e+00,-2.606536e-02
642,7420,5.348761e-04,5.573373e-01,1.697768e-02,1.201005e+00,-2.691003e-02
643,7430,5.389587e-04,5.570350e-01,1.660721e-02,1.201253e+00,-2.740414e-02
644,7440,5.450113e-04,5.567349e-01,1.632146e-02,1.201505e+00,-2.789498e-02
645,7450,5.511224e-04,5.564370e-01,1.610525e-02,1.201761e+00,-2.832251e-02
646,7460,5.578456e-04,5.561415e-01,1.618373e-02,1.202020e+00,-2.851186e-02
647,7470,5.622498e-04,5.558480e-01,1.639679e-02,1.202282e+00,-2.849264e-02
648,7480,5.674965e-04,5.555559e-01,1.629512e-02,1.202548e+00,-2.878204e-02
649,7490,5.678184e-04,5.552653e-01,1.617682e-02,1.202816e+00,-2.889808e-02
650,7500,5.707921e-04,5.549762e-01,1.630367e-02,1.203088e+00,-2.889949e-02
651,7510,5.742070e-04,5.546880e-01,1.598522e-02,1.203363e+00,-2.930674e-02
652,7520,5.729570e-04,5.544014e-01,1.530992e-02,1.203640e+00,-2.984279e-02
653,7530,5.716528e-04,5.541172e-01,1.473866e-02,1.203920e+00,-3.027990e-02
654,7540,5.640544e-04,5.538362e-01,1.435273e-02,1.204204e+00,-3.032016e-02
655,7550,5.509477e-04,5.535586e-01,1.450881e-02,1.204491e+00,-2.969307e-02
656,7560,5.348219e-04,5.532838e-01,1.513375e-02,1.204780e+00,-2.853830e-02
657,7570,5.232728e-04,5.530105e-01,1.600414e-02,1.205070e+00,-2.732283e-02
658,7580,5.157063e-04,5.527371e-01,1.699501e-02,1.205360e+00,-2.612867e-02
659,7590,5.084853e-04,5.524617e-01,1.748687e-02,1.205647e+00,-2.538289e-02
660,7600,5.019501e-04,5.521837e-01,1.749505e-02,1.205933e+00,-2.510698e-02
661,7610,5.007875e-04,5.519034e-01,1.751648e-02,1.206216e+00,-2.503908e-02
662,7620,4.995022e-04,5.516209e-01,1.761485e-02,1.206497e+00,-2.489422e-02
663,7630,5.038219e-04,5.513362e-01,1.744240e-02,1.206776e+00,-2.523293e-02
664,7640,5.029620e-04,5.510498e-01,1.692680e-02,1.207054e+00,-2.567299e-02
665,7650,5.007234e-04,5.507628e-01,1.620459e-02,1.207331e+00,-2.623715e-02
666,7660,4.980061e-04,5.504763e-01,1.576319e-02,1.207608e+00,-2.652152e-02
667,7670,4.934928e-04,5.501911e-01,1.524522e-02,1.207885e+00,-2.679619e-02
668,7680,4.919668e-04,5.499079e-01,1.512446e-02,1.208163e+00,-2.684014e-02
669,7690,4.891440e-04,5.496267e-01,1.522988e-02,1.208441e+00,-2.663209e-02
670,7700,4.808464e-04,5.493471e-01,1.569309e-02,1.208719e+00,-2.587859e-02
671,7710,4.795826e-04,5.490681e-01,1.623273e-02,1.208997e+00,-2.533922e-02
672,7720,4.809496e-04,5.487887e-01,1.627526e-02,1.209274e+00,-2.535767e-02
673,7730,4.829693e-04,5.485088e-01,1.608704e-02,1.209550e+00,-2.561241e-02
674,7740,4.826759e-04,5.482287e-01,1.598605e-02,1.209826e+00,-2.569139e-02
675,7750,4.799780e-04,5.479487e-01,1.605424e-02,1.210101e+00,-2.551752e-02
676,7760,4.789031e-04,5.476686e-01,1.602007e-02,1.210376e+00,-2.550356e-02
677,7770,4.754303e-04,5.473884e-01,1.571662e-02,1.210650e+00,-2.563188e-02
678,7780,4.737235e-04,5.471086e-01,1.509295e-02,1.210925e+00,-2.611622e-02
679,7790,4.715596e-04,5.468302e-01,1.449652e-02,1.211199e+00,-2.654935e-02
680,7800,4.626506e-04,5.465542e-01,1.436535e-02,1.211475e+00,-2.629177e-02
681,7810,4.452342e-04,5.462805e-01,1.435714e-02,1.211751e+00,-2.556079e-02
682,7820,4.334344e-04,5.460088e-01,1.427807e-02,1.212026e+00,-2.512102e-02
683,7830,4.277648e-04,5.457391e-01,1.390533e-02,1.212301e+00,-2.520071e-02
684,7840,4.257859e-04,5.454718e-01,1.341530e-02,1.212576e+00,-2.553942e-02
685,7850,4.205042e-04,5.452074e-01,1.319001e-02,1.212850e+00,-2.550248e-02
686,7860,4.135117e-04,5.449462e-01,1.266682e-02,1.213125e+00,-2.564196e-02
687,7870,4.076064e-04,5.446886e-01,1.208154e-02,1.213399e+00,-2.587460e-02
688,7880,4.038516e-04,5.444353e-01,1.147209e-02,1.213674e+00,-2.621432e-02
689,7890,4.003980e-04,5.441869e-01,1.060484e-02,1.213949e+00,-2.676695e-02
690,7900,3.982435e-04,5.439445e-01,9.826413e-03,1.214226e+00,-2.729039e-02
691,7910,3.998324e-04,5.437087e-01,9.011311e-03,1.214505e+00,-2.799225e-02
692,7920,4.061145e-04,5.434805e-01,7.914159e-03,1.214785e+00,-2.909037e-02
693,7930,4.137039e-04,5.432608e-01,6.833288e-03,1.215070e+00,-3.020019e-02
694,7940,4.191234e-04,5.430509e-01,6.272572e-03,1.215358e+00,-3.082580e-02
695,7950,4.222682e-04,5.428507e-01,5.967552e-03,1.215651e+00,-3.117043e-02
696,7960,4.221378e-04,5.426597e-01,5.697846e-03,1.215948e+00,-3.135144e-02
697,7970,4.205674e-04,5.424775e-01,6.063619e-03,1.216249e+00,-3.103243e-02
698,7980,4.231992e-04,5.423027e-01,6.236396e-03,1.216554e+00,-3.102197e-02
699,7990,4.272898e-04,5.421342e-01,6.355945e-03,1.216863e+00,-3.110883e-02
700,8000,4.342845e-04,5.419710e-01,6.398275e-03,1.217174e+00,-3.136908e-02
701,8010,4.445162e-04,5.418126e-01,6.299106e-03,1.217488e+00,-3.185827e-02
702,8020,4.525671e-04,5.416587e-01,5.889968e-03,1.217805e+00,-3.246840e-02
703,8030,4.588395e-04,5.415095e-01,5.863634e-03,1.218126e+00,-3.273870e-02
704,8040,4.624455e-04,5.413647e-01,5.924244e-03,1.218451e+00,-3.284125e-02
705,8050,4.617097e-04,5.412236e-01,6.452712e-03,1.218779e+00,-3.244555e-02
706,8060,4.593635e-04,5.410849e-01,7.261041e-03,1.219110e+00,-3.177987e-02
707,8070,4.590274e-04,5.409470e-01,8.008969e-03,1.219442e+00,-3.122529e-02
708,8080,4.630866e-04,5.408084e-01,8.286419e-03,1.219776e+00,-3.118541e-02
709,8090,4.645717e-04,5.406687e-01,8.971791e-03,1.220110e+00,-3.073582e-02
710,8100,4.655996e-04,5.405267e-01,9.717304e-03,1.220445e+00,-3.021214e-02
711,8110,4.750297e-04,5.403814e-01,1.027490e-02,1.220779e+00,-3.016224e-02
712,8120,4.803605e-04,5.402319e-01,1.078292e-02,1.221113e+00,-2.997941e-02
713,8130,4.895848e-04,5.400779e-01,1.107545e-02,1.221447e+00,-3.011672e-02
714,8140,4.999601e-04,5.399191e-01,1.185509e-02,1.221780e+00,-2.990637e-02
715,8150,5.170441e-04,5.397547e-01,1.266555e-02,1.222113e+00,-2.991952e-02
716,8160,5.314597e-04,5.395837e-01,1.348600e-02,1.222446e+00,-2.980302e-02
717,8170,5.444356e-04,5.394052e-01,1.457286e-02,1.222779e+00,-2.938992e-02
718,8180,5.535232e-04,5.392181e-01,1.541002e-02,1.223111e+00,-2.902091e-02
719,8190,5.648292e-04,5.390216e-01,1.608462e-02,1.223442e+00,-2.886532e-02
720,8200,5.793414e-04,5.388154e-01,1.714118e-02,1.223771e+00,-2.848108e-02
721,8210,5.856957e-04,5.385986e-01,1.805486e-02,1.224100e+00,-2.789704e-02
722,8220,5.880754e-04,5.383704e-01,1.868379e-02,1.224427e+00,-2.741007e-02
723,8230,5.953265e-04,5.381309e-01,1.912262e-02,1.224751e+00,-2.727790e-02
724,8240,5.943468e-04,5.378803e-01,1.944930e-02,1.225073e+00,-2.693514e-02
725,8250,5.938536e-04,5.376191e-01,1.952576e-02,1.225394e+00,-2.684448e-02
726,8260,5.952470e-04,5.373482e-01,1.971932e-02,1.225712e+00,-2.671501e-02
727,8270,6.050036e-04,5.370681e-01,1.993507e-02,1.226028e+00,-2.688123e-02
728,8280,6.070731e-04,5.367794e-01,1.987922e-02,1.226342e+00,-2.701216e-02
729,8290,6.049763e-04,5.364829e-01,1.970155e-02,1.226656e+00,-2.710056e-02
730,8300,6.068620e-04,5.361798e-01,1.936286e-02,1.226968e+00,-2.748883e-02
731,8310,6.115126e-04,5.358711e-01,1.925521e-02,1.227280e+00,-2.776308e-02
732,8320,6.193983e-04,5.355578e-01,1.906187e-02,1.227592e+00,-2.823493e-02
733,8330,6.202432e-04,5.352405e-01,1.856729e-02,1.227904e+00,-2.871933e-02
734,8340,6.170699e-04,5.349206e-01,1.808866e-02,1.228218e+00,-2.903647e-02
735,8350,6.018504e-04,5.345991e-01,1.744300e-02,1.228533e+00,-2.905409e-02
736,8360,5.878269e-04,5.342773e-01,1.698536e-02,1.228849e+00,-2.893900e-02
737,8370,5.743491e-04,5.339561e-01,1.678718e-02,1.229166e+00,-2.860739e-02
738,8380,5.607203e-04,5.336358e-01,1.652339e-02,1.229483e+00,-2.832217e-02
739,8390,5.438293e-04,5.333167e-01,1.624740e-02,1.229801e+00,-2.791465e-02
740,8400,5.282249e-04,5.329992e-01,1.611345e-02,1.230119e+00,-2.742184e-02
741,8410,5.127242e-04,5.326834e-01,1.576656e-02,1.230435e+00,-2.711286e-02
742,8420,4.918242e-04,5.323697e-01,1.527455e-02,1.230751e+00,-2.670231e-02
743,8430,4.737540e-04,5.320587e-01,1.454350e-02,1.231066e+00,-2.659948e-02
744,8440,4.574522e-04,5.317516e-01,1.371818e-02,1.231379e+00,-2.663284e-02
745,8450,4.434775e-04,5.314495e-01,1.262737e-02,1.231691e+00,-2.696786e-02
746,8460,4.294640e-04,5.311539e-01,1.209924e-02,1.232003e+00,-2.681070e-02
747,8470,4.132499e-04,5.308650e-01,1.176563e-02,1.232314e+00,-2.638498e-02
748,8480,3.993046e-04,5.305828e-01,1.157086e-02,1.232624e+00,-2.593147e-02
749,8490,3.910734e-04,5.303071e-01,1.121450e-02,1.232932e+00,-2.585759e-02
750,8500,3.835194e-04,5.300378e-01,1.086931e-02,1.233240e+00,-2.579996e-02
751,8510,3.724966e-04,5.297748e-01,1.036279e-02,1.233546e+00,-2.570958e-02
752,8520,3.604164e-04,5.295185e-01,9.875108e-03,1.233850e+00,-2.554462e-02
753,8530,3.498566e-04,5.292692e-01,8.962748e-03,1.234154e+00,-2.577235e-02
754,8540,3.439914e-04,5.290278e-01,8.534199e-03,1.234457e+00,-2.582900e-02
755,8550,3.408819e-04,5.287943e-01,8.396149e-03,1.234759e+00,-2.578844e-02
756,8560,3.428407e-04,5.285683e-01,8.129219e-03,1.235060e+00,-2.608487e-02
757,8570,3.470405e-04,5.283493e-01,7.998125e-03,1.235361e+00,-2.638124e-02
758,8580,3.529715e-04,5.281371e-01,7.931784e-03,1.235663e+00,-2.670714e-02
759,8590,3.541388e-04,5.279309e-01,7.954920e-03,1.235965e+00,-2.674371e-02
760,8600,3.590528e-04,5.277302e-01,8.118812e-03,1.236268e+00,-2.684645e-02
761,8610,3.618564e-04,5.275341e-01,8.444658e-03,1.236571e+00,-2.672762e-02
762,8620,3.662519e-04,5.273415e-01,8.633265e-03,1.236875e+00,-2.678435e-02
763,8630,3.684962e-04,5.271517e-01,8.644697e-03,1.237179e+00,-2.687776e-02
764,8640,3.671620e-04,5.269644e-01,9.057579e-03,1.237484e+00,-2.649862e-02
765,8650,3.654463e-04,5.267785e-01,9.724580e-03,1.237789e+00,-2.589668e-02
766,8660,3.628911e-04,5.265926e-01,1.075827e-02,1.238094e+00,-2.494505e-02
767,8670,3.620446e-04,5.264047e-01,1.175480e-02,1.238397e+00,-2.407581e-02
768,8680,3.604727e-04,5.262131e-01,1.279608e-02,1.238698e+00,-2.310649e-02
769,8690,3.617060e-04,5.260162e-01,1.397889e-02,1.238996e+00,-2.211337e-02
770,8700,3.616567e-04,5.258123e-01,1.534432e-02,1.239289e+00,-2.084841e-02
771,8710,3.693122e-04,5.255994e-01,1.646014e-02,1.239578e+00,-2.015352e-02
772,8720,3.827919e-04,5.253762e-01,1.755863e-02,1.239861e+00,-1.972983e-02
773,8730,3.929822e-04,5.251417e-01,1.820422e-02,1.240139e+00,-1.957624e-02
774,8740,4.004625e-04,5.248956e-01,1.881091e-02,1.240412e+00,-1.932071e-02
775,8750,4.079246e-04,5.246381e-01,1.928678e-02,1.240680e+00,-1.919040e-02
776,8760,4.169987e-04,5.243691e-01,1.980336e-02,1.240944e+00,-1.908848e-02
777,8770,4.300190e-04,5.240890e-01,2.033248e-02,1.241204e+00,-1.915204e-02
778,8780,4.368311e-04,5.237976e-01,2.023090e-02,1.241460e+00,-1.957656e-02
779,8790,4.439778e-04,5.234964e-01,2.034889e-02,1.241714e+00,-1.978471e-02
780,8800,4.476027e-04,5.231860e-01,2.055889e-02,1.241965e+00,-1.973311e-02
781,8810,4.494154e-04,5.228668e-01,2.088030e-02,1.242215e+00,-1.948026e-02
782,8820,4.483354e-04,5.225392e-01,2.092956e-02,1.242463e+00,-1.937864e-02
783,8830,4.487611e-04,5.222037e-01,2.095102e-02,1.242708e+00,-1.937570e-02
784,8840,4.476539e-04,5.218612e-01,2.097939e-02,1.242952e+00,-1.929463e-02
785,8850,4.446552e-04,5.215122e-01,2.064691e-02,1.243194e+00,-1.950530e-02
786,8860,4.413175e-04,5.211579e-01,2.028567e-02,1.243435e+00,-1.972760e-02
787,8870,4.379984e-04,5.207995e-01,1.989272e-02,1.243675e+00,-1.998036e-02
788,8880,4.310175e-04,5.204383e-01,1.919591e-02,1.243915e+00,-2.036924e-02
789,8890,4.266690e-04,5.200757e-01,1.855384e-02,1.244155e+00,-2.081378e-02
790,8900,4.267495e-04,5.197131e-01,1.772471e-02,1.244396e+00,-2.163411e-02
791,8910,4.255383e-04,5.193521e-01,1.705820e-02,1.244638e+00,-2.222182e-02
792,8920,4.231702e-04,5.189939e-01,1.627947e-02,1.244882e+00,-2.285131e-02
793,8930,4.196850e-04,5.186394e-01,1.566210e-02,1.245129e+00,-2.326781e-02
794,8940,4.108494e-04,5.182897e-01,1.512415e-02,1.245379e+00,-2.336260e-02
795,8950,4.019226e-04,5.179453e-01,1.459336e-02,1.245632e+00,-2.343879e-02
796,8960,3.906969e-04,5.176066e-01,1.428628e-02,1.245887e+00,-2.320083e-02
797,8970,3.817379e-04,5.172736e-01,1.404578e-02,1.246145e+00,-2.300130e-02
798,8980,3.738657e-04,5.169463e-01,1.426886e-02,1.246404e+00,-2.243040e-02
799,8990,3.654678e-04,5.166235e-01,1.451000e-02,1.246663e+00,-2.180993e-02
800,9000,3.573634e-04,5.163044e-01,1.447244e-02,1.246923e+00,-2.145247e-02
801,9010,3.468467e-04,5.159886e-01,1.399938e-02,1.247183e+00,-2.137176e-02
802,9020,3.374392e-04,5.156767e-01,1.328081e-02,1.247442e+00,-2.155810e-02
803,9030,3.238578e-04,5.153697e-01,1.215002e-02,1.247702e+00,-2.188301e-02
804,9040,3.104099e-04,5.150693e-01,1.110184e-02,1.247961e+00,-2.210839e-02
805,9050,3.010250e-04,5.147769e-01,1.055663e-02,1.248221e+00,-2.208991e-02
806,9060,2.911133e-04,5.144928e-01,1.011026e-02,1.248482e+00,-2.195013e-02
807,9070,2.840339e-04,5.142170e-01,9.601563e-03,1.248743e+00,-2.200023e-02
808,9080,2.766536e-04,5.139496e-01,9.214167e-03,1.249004e+00,-2.192677e-02
809,9090,2.660808e-04,5.136905e-01,8.889420e-03,1.249266e+00,-2.162309e-02
810,9100,2.536786e-04,5.134397e-01,8.511042e-03,1.249527e+00,-2.124943e-02
811,9110,2.390819e-04,5.131968e-01,8.251552e-03,1.249788e+00,-2.063788e-02
812,9120,2.274705e-04,5.129618e-01,7.865204e-03,1.250048e+00,-2.027763e-02
813,9130,2.195653e-04,5.127345e-01,7.581060e-03,1.250306e+00,-2.003870e-02
814,9140,2.098099e-04,5.125148e-01,7.517163e-03,1.250563e+00,-1.950374e-02
815,9150,2.043531e-04,5.123019e-01,7.357717e-03,1.250818e+00,-1.929709e-02
816,9160,1.978560e-04,5.120956e-01,6.877179e-03,1.251070e+00,-1.927426e-02
817,9170,1.923547e-04,5.118961e-01,6.144850e-03,1.251321e+00,-1.949617e-02
818,9180,1.874095e-04,5.117041e-01,5.532008e-03,1.251571e+00,-1.964590e-02
819,9190,1.798426e-04,5.115203e-01,5.001134e-03,1.251819e+00,-1.955363e-02
820,9200,1.724374e-04,5.113447e-01,4.316841e-03,1.252066e+00,-1.956515e-02
821,9210,1.651042e-04,5.111779e-01,3.808239e-03,1.252313e+00,-1.943732e-02
822,9220,1.596342e-04,5.110201e-01,3.416588e-03,1.252558e+00,-1.933935e-02
823,9230,1.556219e-04,5.108711e-01,2.756379e-03,1.252803e+00,-1.951104e-02
824,9240,1.561862e-04,5.107313e-01,1.845498e-03,1.253047e+00,-2.014000e-02
825,9250,1.540546e-04,5.106018e-01,1.046435e-03,1.253291e+00,-2.048877e-02
826,9260,1.516588e-04,5.104830e-01,2.425871e-05,1.253536e+00,-2.092486e-02
827,9270,1.497832e-04,5.103759e-01,-7.568183e-04,1.253781e+00,-2.122982e-02
828,9280,1.460278e-04,5.102810e-01,-1.376679e-03,1.254029e+00,-2.129687e-02
829,9290,1.409260e-04,5.101982e-01,-2.171618e-03,1.254277e+00,-2.133620e-02
830,9300,1.330861e-04,5.101281e-01,-2.485234e-03,1.254527e+00,-2.091581e-02
831,9310,1.255155e-04,5.100698e-01,-2.729760e-03,1.254778e+00,-2.046122e-02
832,9320,1.186813e-04,5.100229e-01,-3.193513e-03,1.255029e+00,-2.014130e-02
833,9330,1.129823e-04,5.099870e-01,-3.778594e-03,1.255279e+00,-1.993655e-02
834,9340,1.072636e-04,5.099623e-01,-4.300531e-03,1.255529e+00,-1.967452e-02
835,9350,1.001467e-04,5.099487e-01,-4.563062e-03,1.255778e+00,-1.916541e-02
836,9360,9.413080e-05,5.099458e-01,-4.704821e-03,1.256026e+00,-1.868303e-02
837,9370,9.152888e-05,5.099525e-01,-4.954635e-03,1.256273e+00,-1.853313e-02
838,9380,8.780401e-05,5.099687e-01,-5.004442e-03,1.256517e+00,-1.820332e-02
839,9390,8.577391e-05,5.099934e-01,-5.065485e-03,1.256760e+00,-1.803110e-02
840,9400,8.402793e-05,5.100259e-01,-5.113711e-03,1.257000e+00,-1.787917e-02
841,9410,8.426568e-05,5.100655e-01,-5.348444e-03,1.257239e+00,-1.797646e-02
842,9420,8.565384e-05,5.101120e-01,-6.042144e-03,1.257476e+00,-1.831453e-02
843,9430,8.669766e-05,5.101663e-01,-6.927525e-03,1.257713e+00,-1.864009e-02
844,9440,8.844295e-05,5.102292e-01,-7.819880e-03,1.257948e+00,-1.899551e-02
845,9450,8.916701e-05,5.103018e-01,-8.608726e-03,1.258184e+00,-1.919247e-02
846,9460,8.837234e-05,5.103847e-01,-9.232212e-03,1.258420e+00,-1.918115e-02
847,9470,8.721666e-05,5.104783e-01,-9.671417e-03,1.258657e+00,-1.909167e-02
848,9480,8.495265e-05,5.105823e-01,-9.988463e-03,1.258893e+00,-1.885922e-02
849,9490,7.696821e-05,5.106964e-01,-9.664216e-03,1.259130e+00,-1.795344e-02
850,9500,6.809218e-05,5.108188e-01,-9.212177e-03,1.259365e+00,-1.688690e-02
851,9510,5.863600e-05,5.109481e-01,-8.748809e-03,1.259598e+00,-1.566806e-02
852,9520,4.908612e-05,5.110824e-01,-8.237367e-03,1.259827e+00,-1.432730e-02
853,9530,4.147456e-05,5.112202e-01,-7.892102e-03,1.260051e+00,-1.314767e-02
854,9540,3.341667e-05,5.113606e-01,-7.382864e-03,1.260269e+00,-1.176794e-02
855,9550,2.423725e-05,5.115022e-01,-6.421924e-03,1.260481e+00,-1.000215e-02
856,9560,1.598682e-05,5.116429e-01,-5.325725e-03,1.260683e+00,-8.103955e-03
857,9570,9.591688e-06,5.117807e-01,-4.320151e-03,1.260876e+00,-6.233678e-03
858,9580,6.463317e-06,5.119137e-01,-3.912357e-03,1.261058e+00,-4.988752e-03
859,9590,5.525326e-06,5.120415e-01,-4.142940e-03,1.261227e+00,-4.248200e-03
860,9600,5.518850e-06,5.121652e-01,-4.504991e-03,1.261385e+00,-3.699729e-03
861,9610,5.516657e-06,5.122859e-01,-4.661304e-03,1.261533e+00,-3.149265e-03
862,9620,6.275573e-06,5.124043e-01,-5.009589e-03,1.261669e+00,-2.920276e-03
863,9630,7.254565e-06,5.125213e-01,-5.379522e-03,1.261796e+00,-2.824416e-03
864,9640,8.903762e-06,5.126378e-01,-5.937448e-03,1.261913e+00,-2.869760e-03
865,9650,9.743721e-06,5.127550e-01,-6.131438e-03,1.262022e+00,-2.492742e-03
866,9660,1.057754e-05,5.128734e-01,-6.243360e-03,1.262124e+00,-2.003799e-03
867,9670,1.122061e-05,5.129929e-01,-6.175702e-03,1.262218e+00,-1.309177e-03
868,9680,1.226488e-05,5.131133e-01,-6.153423e-03,1.262305e+00,-6.596306e-04
869,9690,1.487898e-05,5.132346e-01,-6.565204e-03,1.262384e+00,-2.943184e-04
870,9700,1.795487e-05,5.133576e-01,-6.897485e-03,1.262455e+00,2.581311e-04
871,9710,2.108664e-05,5.134827e-01,-7.220596e-03,1.262519e+00,7.130139e-04
872,9720,2.533474e-05,5.136104e-01,-7.626370e-03,1.262575e+00,1.243332e-03
873,9730,2.985304e-05,5.137414e-01,-7.892919e-03,1.262625e+00,1.930135e-03
874,9740,3.395582e-05,5.138758e-01,-8.072391e-03,1.262667e+00,2.549319e-03
875,9750,3.745797e-05,5.140138e-01,-8.228776e-03,1.262702e+00,3.017971e-03
876,9760,3.988858e-05,5.141553e-01,-8.560563e-03,1.262729e+00,3.021389e-03
877,9770,4.147992e-05,5.143006e-01,-8.742968e-03,1.262750e+00,3.063039e-03
878,9780,4.373729e-05,5.144499e-01,-9.153184e-03,1.262765e+00,2.904946e-03
879,9790,4.710419e-05,5.146035e-01,-9.601027e-03,1.262775e+00,2.872514e-03
880,9800,5.135861e-05,5.147620e-01,-1.003791e-02,1.262780e+00,2.981657e-03
881,9810,5.502523e-05,5.149258e-01,-1.047456e-02,1.262781e+00,2.967070e-03
882,9820,5.910654e-05,5.150955e-01,-1.113980e-02,1.262778e+00,2.666653e-03
883,9830,6.337462e-05,5.152717e-01,-1.167694e-02,1.262771e+00,2.551924e-03
884,9840,6.660639e-05,5.154549e-01,-1.185787e-02,1.262763e+00,2.783272e-03
885,9850,6.882790e-05,5.156450e-01,-1.185132e-02,1.262751e+00,3.123689e-03
886,9860,6.880020e-05,5.158412e-01,-1.173861e-02,1.262737e+00,3.280692e-03
887,9870,6.884152e-05,5.160428e-01,-1.158130e-02,1.262720e+00,3.508331e-03
888,9880,6.978824e-05,5.162488e-01,-1.143309e-02,1.262700e+00,3.846973e-03
889,9890,6.993664e-05,5.164585e-01,-1.106212e-02,1.262677e+00,4.365523e-03
890,9900,6.968257e-05,5.166708e-01,-1.041296e-02,1.262651e+00,5.164471e-03
891,9910,7.010494e-05,5.168840e-01,-9.954784e-03,1.262621e+00,5.778751e-03
892,9920,7.049330e-05,5.170972e-01,-9.683919e-03,1.262586e+00,6.147934e-03
893,9930,7.138696e-05,5.173098e-01,-9.809146e-03,1.262547e+00,6.111694e-03
894,9940,7.328981e-05,5.175222e-01,-1.002752e-02,1.262504e+00,6.088220e-03
895,9950,7.355978e-05,5.177347e-01,-1.015546e-02,1.262457e+00,5.969264e-03
896,9960,7.313322e-05,5.179478e-01,-1.031091e-02,1.262408e+00,5.729482e-03
897,9970,7.202639e-05,5.181617e-01,-1.050510e-02,1.262355e+00,5.352008e-03
898,9980,7.193784e-05,5.183766e-01,-1.077450e-02,1.262301e+00,5.002839e-03
899,9990,7.185208e-05,5.185933e-01,-1.115980e-02,1.262246e+00,4.494364e-03
